{
"lengthUnit": "mil",
"components": {
	"fields": ["COMPONENT_NO", "COMPONENT_NAME", "LAYER", "X_COORDINATE", "Y_COORDINATE", "ANGLE"],
	"rows": [
		[1, "C10", "T", 865, -445, 90],
		[2, "C11", "T", 440, -1400, 180],
		[3, "C12", "T", 805, -445, 270],
		[4, "C15", "T", 895, -1600, 90],
		[5, "C16", "T", 938, -1600, 90],
		[6, "C24", "T", 1425, -1595, 270],
		[7, "C25", "T", 1545, -1610, 180],
		[8, "C36", "T", 1300, -1050, 180],
		[9, "C41", "T", 1625, -1125, 0],
		[10, "C42", "T", 1617.92, -1060, 180],
		[11, "C44", "T", 460, -2020, 180],
		[12, "C45", "T", 1830, -710, 270],
		[13, "C46", "T", 1700, -1080, 90],
		[14, "C47", "T", 210, -600, 90],
		[15, "C48", "T", 95, -500, 0],
		[16, "C49", "T", 410, -1510, 180],
		[17, "CARD1", "T", 1525, -345, 180],
		[18, "D3", "T", 989.87, -872.03, 270],
		[19, "H2", "T", 980, -200, 270],
		[20, "H3", "T", 325, -145, 0],
		[21, "H4", "T", 225, -1480, 90],
		[22, "LED5", "T", 371.6, -1158.64, 0],
		[23, "LED6", "T", 369.73, -1267.25, 0],
		[24, "R1", "T", 1770, -1210, 270],
		[25, "R3", "T", 1485, -1855, 180],
		[26, "R4", "T", 1700, -2130, 90],
		[27, "R6", "T", 600, -350, 0],
		[28, "R7", "T", 735, -350, 0],
		[29, "R13", "T", 561.66, -1158.64, 0],
		[30, "R14", "T", 1080, -1780, 90],
		[31, "R15", "T", 1155, -1780, 90],
		[32, "R16", "T", 560, -1270, 180],
		[33, "U2", "T", 1441.08, -1224.29, 0],
		[34, "U3", "T", 1614.72, -801.41, 180],
		[35, "U5", "T", 1675, -1890, 0],
		[36, "U9", "T", 2330, -930, 180],
		[37, "U10", "T", 460, -1770, 270],
		[38, "U13", "T", 1040, -1265, 180],
		[39, "U14", "T", 631.61, -527.24, 90],
		[40, "U16", "T", 340, -860, 270],
		[41, "USB1", "T", 995, -2055, 0],
		[42, "X4", "T", 1540, -1490, 270],
		[43, "X6", "T", 105, -620, 90],
		[44, "X8", "T", 1160, -1140, 180]
	]
},
"pins": {
	"fields": ["PIN_NO", "PIN_NAME", "PIN_X", "PIN_Y", "LAYER", "PIN_TYPE", "NET_NAME", "NET_TYPE", "PAD_SHAPE", "PAD_SIZEX", "PAD_SIZEY", "HOLE_SIZE", "PAD_ANGLE"],
	"rows": [
		[1, "C10_1", 865, -466.46, "T", "SMD", "VCC", "", "R", 31.11, 21.26, 0, 90],
		[2, "C10_2", 865, -423.54, "T", "SMD", "GND", "GND", "R", 31.11, 21.26, 0, 90],
		[3, "C11_1", 461.46, -1400, "T", "SMD", "VCC", "", "R", 31.11, 21.26, 0, 180],
		[4, "C11_2", 418.54, -1400, "T", "SMD", "GND", "GND", "R", 31.11, 21.26, 0, 180],
		[5, "C12_1", 805, -423.54, "T", "SMD", "GND", "GND", "R", 31.11, 21.26, 0, 270],
		[6, "C12_2", 805, -466.46, "T", "SMD", "VCC", "", "R", 31.11, 21.26, 0, 270],
		[7, "C15_1", 895, -1621.46, "T", "SMD", "RD_TX+", "", "R", 31.11, 21.26, 0, 90],
		[8, "C15_2", 895, -1578.54, "T", "SMD", "$1N466", "", "R", 31.11, 21.26, 0, 90],
		[9, "C16_1", 938, -1621.46, "T", "SMD", "RD_TX-", "", "R", 31.11, 21.26, 0, 90],
		[10, "C16_2", 938, -1578.54, "T", "SMD", "$1N465", "", "R", 31.11, 21.26, 0, 90],
		[11, "C24_1", 1425, -1567.44, "T", "SMD", "25CLKIN", "", "R", 31.5, 35.43, 0, 270],
		[12, "C24_2", 1425, -1622.56, "T", "SMD", "GND", "GND", "R", 31.5, 35.43, 0, 270],
		[13, "C25_1", 1572.56, -1610, "T", "SMD", "25CLKOUT", "", "R", 31.5, 35.43, 0, 180],
		[14, "C25_2", 1517.44, -1610, "T", "SMD", "GND", "GND", "R", 31.5, 35.43, 0, 180],
		[15, "C36_1", 1321.46, -1050, "T", "SMD", "$1N469", "", "R", 31.11, 21.26, 0, 180],
		[16, "C36_2", 1278.54, -1050, "T", "SMD", "GND", "GND", "R", 31.11, 21.26, 0, 180],
		[17, "C41_1", 1603.54, -1125, "T", "SMD", "VCC", "", "R", 31.11, 21.26, 0, 0],
		[18, "C41_2", 1646.46, -1125, "T", "SMD", "GND", "GND", "R", 31.11, 21.26, 0, 0],
		[19, "C42_1", 1639.38, -1060, "T", "SMD", "GND", "GND", "R", 31.11, 21.26, 0, 180],
		[20, "C42_2", 1596.46, -1060, "T", "SMD", "1V2", "", "R", 31.11, 21.26, 0, 180],
		[21, "C44_1", 526.39, -2020, "T", "SMD", "+5V", "", "R", 69.19, 51.02, 0, 0],
		[22, "C44_2", 393.61, -2020, "T", "SMD", "GND", "GND", "R", 69.19, 51.02, 0, 0],
		[23, "C45_1", 1830, -688.54, "T", "SMD", "GND", "GND", "R", 31.11, 21.26, 0, 270],
		[24, "C45_2", 1830, -731.46, "T", "SMD", "VCC", "", "R", 31.11, 21.26, 0, 270],
		[25, "C46_1", 1700, -1101.46, "T", "SMD", "GND", "GND", "R", 31.11, 21.26, 0, 90],
		[26, "C46_2", 1700, -1058.54, "T", "SMD", "VCC", "", "R", 31.11, 21.26, 0, 90],
		[27, "C47_1", 210, -621.46, "T", "SMD", "$1N8742", "", "R", 31.11, 21.26, 0, 90],
		[28, "C47_2", 210, -578.54, "T", "SMD", "GND", "GND", "R", 31.11, 21.26, 0, 90],
		[29, "C48_1", 73.54, -500, "T", "SMD", "$1N8737", "", "R", 31.11, 21.26, 0, 0],
		[30, "C48_2", 116.46, -500, "T", "SMD", "GND", "GND", "R", 31.11, 21.26, 0, 0],
		[31, "C49_1", 476.39, -1510, "T", "SMD", "VCC", "", "R", 69.19, 51.02, 0, 0],
		[32, "C49_2", 343.61, -1510, "T", "SMD", "GND", "GND", "R", 69.19, 51.02, 0, 0],
		[33, "CARD1_1", 1436.41, -553.66, "T", "SMD", "TF_DAT2", "", "R", 27.56, 62.99, 0, 180],
		[34, "CARD1_2", 1479.72, -553.66, "T", "SMD", "TF_DAT3", "", "R", 27.56, 62.99, 0, 180],
		[35, "CARD1_3", 1523.03, -553.66, "T", "SMD", "TF_CMD", "", "R", 27.56, 62.99, 0, 180],
		[36, "CARD1_4", 1566.34, -553.66, "T", "SMD", "TF_VCC", "", "R", 27.56, 62.99, 0, 180],
		[37, "CARD1_5", 1609.64, -553.66, "T", "SMD", "TF_CLK", "", "R", 27.56, 62.99, 0, 180],
		[38, "CARD1_6", 1652.95, -553.66, "T", "SMD", "GND", "GND", "R", 27.56, 62.99, 0, 180],
		[39, "CARD1_7", 1696.26, -553.66, "T", "SMD", "TF_DAT0", "", "R", 27.56, 62.99, 0, 180],
		[40, "CARD1_8", 1739.56, -553.66, "T", "SMD", "TF_DAT1", "", "R", 27.56, 62.99, 0, 180],
		[41, "CARD1_10", 1830.12, -514.29, "T", "SMD", "GND", "GND", "R", 47.24, 59.05, 0, 180],
		[42, "CARD1_11", 1830.12, -136.34, "T", "SMD", "GND", "GND", "R", 47.24, 86.61, 0, 180],
		[43, "CARD1_12", 1219.88, -136.34, "T", "SMD", "GND", "GND", "R", 47.24, 86.61, 0, 180],
		[44, "CARD1_13", 1255.31, -514.29, "T", "SMD", "GND", "GND", "R", 62.99, 59.05, 0, 180],
		[45, "CARD1_CD", 1782.87, -553.66, "T", "SMD", "CARD1_CD", "", "R", 27.56, 62.99, 0, 180],
		[46, "D3_1", 989.87, -771.03, "T", "SMD", "TF_VCC", "", "R", 86.61, 66.93, 0, 270],
		[47, "D3_2", 989.87, -973.03, "T", "SMD", "UP_VCC", "", "R", 86.61, 66.93, 0, 270],
		[48, "H2_1", 980, -100, "T", "DIP", "TS_TXD", "", "R", 66.93, 66.93, 43.31, 270],
		[49, "H2_1", 980, -100, "B", "DIP", "TS_TXD", "", "R", 66.93, 66.93, 43.31, 270],
		[50, "H2_2", 980, -200, "T", "DIP", "TS_RXD", "", "C", 66.93, 66.93, 43.31, 270],
		[51, "H2_2", 980, -200, "B", "DIP", "TS_RXD", "", "C", 66.93, 66.93, 43.31, 270],
		[52, "H2_3", 980, -300, "T", "DIP", "GND", "GND", "C", 66.93, 66.93, 43.31, 270],
		[53, "H2_3", 980, -300, "B", "DIP", "GND", "GND", "C", 66.93, 66.93, 43.31, 270],
		[54, "H3_1", 125, -195, "T", "DIP", "DBG_TX", "", "R", 66.93, 66.93, 43.31, 0],
		[55, "H3_1", 125, -195, "B", "DIP", "DBG_TX", "", "R", 66.93, 66.93, 43.31, 0],
		[56, "H3_2", 125, -95, "T", "DIP", "SWDIO", "", "C", 66.93, 66.93, 43.31, 0],
		[57, "H3_2", 125, -95, "B", "DIP", "SWDIO", "", "C", 66.93, 66.93, 43.31, 0],
		[58, "H3_3", 225, -195, "T", "DIP", "DBG_RX", "", "C", 66.93, 66.93, 43.31, 0],
		[59, "H3_3", 225, -195, "B", "DIP", "DBG_RX", "", "C", 66.93, 66.93, 43.31, 0],
		[60, "H3_4", 225, -95, "T", "DIP", "SWCLK", "", "C", 66.93, 66.93, 43.31, 0],
		[61, "H3_4", 225, -95, "B", "DIP", "SWCLK", "", "C", 66.93, 66.93, 43.31, 0],
		[62, "H3_5", 325, -195, "T", "DIP", "GND", "GND", "C", 66.93, 66.93, 43.31, 0],
		[63, "H3_5", 325, -195, "B", "DIP", "GND", "GND", "C", 66.93, 66.93, 43.31, 0],
		[64, "H3_6", 325, -95, "T", "DIP", "GND", "GND", "C", 66.93, 66.93, 43.31, 0],
		[65, "H3_6", 325, -95, "B", "DIP", "GND", "GND", "C", 66.93, 66.93, 43.31, 0],
		[66, "H3_7", 425, -195, "T", "DIP", "1V2", "", "C", 66.93, 66.93, 43.31, 0],
		[67, "H3_7", 425, -195, "B", "DIP", "1V2", "", "C", 66.93, 66.93, 43.31, 0],
		[68, "H3_8", 425, -95, "T", "DIP", "BOOT0", "", "C", 66.93, 66.93, 43.31, 0],
		[69, "H3_8", 425, -95, "B", "DIP", "BOOT0", "", "C", 66.93, 66.93, 43.31, 0],
		[70, "H3_9", 525, -195, "T", "DIP", "+5V", "", "C", 66.93, 66.93, 43.31, 0],
		[71, "H3_9", 525, -195, "B", "DIP", "+5V", "", "C", 66.93, 66.93, 43.31, 0],
		[72, "H3_10", 525, -95, "T", "DIP", "VCC", "", "C", 66.93, 66.93, 43.31, 0],
		[73, "H3_10", 525, -95, "B", "DIP", "VCC", "", "C", 66.93, 66.93, 43.31, 0],
		[74, "H4_1", 225, -1580, "T", "DIP", "SEL0", "", "R", 66.93, 66.93, 43.31, 90],
		[75, "H4_1", 225, -1580, "B", "DIP", "SEL0", "", "R", 66.93, 66.93, 43.31, 90],
		[76, "H4_2", 225, -1480, "T", "DIP", "SEL1", "", "C", 66.93, 66.93, 43.31, 90],
		[77, "H4_2", 225, -1480, "B", "DIP", "SEL1", "", "C", 66.93, 66.93, 43.31, 90],
		[78, "H4_3", 225, -1380, "T", "DIP", "MUX_EN", "", "C", 66.93, 66.93, 43.31, 90],
		[79, "H4_3", 225, -1380, "B", "DIP", "MUX_EN", "", "C", 66.93, 66.93, 43.31, 90],
		[80, "LED5_1", 338.13, -1158.64, "T", "SMD", "UP_LED", "", "R", 39.37, 35.43, 0, 270],
		[81, "LED5_2", 405.06, -1158.64, "T", "SMD", "$1N1150", "", "R", 39.37, 35.43, 0, 270],
		[82, "LED6_1", 336.27, -1267.25, "T", "SMD", "VCC", "", "R", 39.37, 35.43, 0, 270],
		[83, "LED6_2", 403.2, -1267.25, "T", "SMD", "$1N4433", "", "R", 39.37, 35.43, 0, 270],
		[84, "R1_1", 1770, -1180.35, "T", "SMD", "GND", "GND", "R", 31.75, 34.02, 0, 270],
		[85, "R1_2", 1770, -1239.66, "T", "SMD", "$1N442", "", "R", 31.75, 34.02, 0, 270],
		[86, "R3_1", 1514.65, -1855, "T", "SMD", "$1N2251", "", "R", 31.75, 34.02, 0, 180],
		[87, "R3_2", 1455.34, -1855, "T", "SMD", "VCC", "", "R", 31.75, 34.02, 0, 180],
		[88, "R4_1", 1700, -2159.65, "T", "SMD", "VCC", "", "R", 31.75, 34.02, 0, 90],
		[89, "R4_2", 1700, -2100.34, "T", "SMD", "$1N2254", "", "R", 31.75, 34.02, 0, 90],
		[90, "R6_1", 570.35, -350, "T", "SMD", "GND", "GND", "R", 31.75, 34.02, 0, 0],
		[91, "R6_2", 629.66, -350, "T", "SMD", "$1N5720", "", "R", 31.75, 34.02, 0, 0],
		[92, "R7_1", 705.35, -350, "T", "SMD", "$1N5721", "", "R", 31.75, 34.02, 0, 0],
		[93, "R7_2", 764.66, -350, "T", "SMD", "VCC", "", "R", 31.75, 34.02, 0, 0],
		[94, "R13_1", 532.01, -1158.64, "T", "SMD", "$1N1150", "", "R", 31.75, 34.02, 0, 0],
		[95, "R13_2", 591.32, -1158.64, "T", "SMD", "GND", "GND", "R", 31.75, 34.02, 0, 0],
		[96, "R14_1", 1080, -1809.66, "T", "SMD", "CC1", "", "R", 31.75, 34.02, 0, 90],
		[97, "R14_2", 1080, -1750.34, "T", "SMD", "GND", "GND", "R", 31.75, 34.02, 0, 90],
		[98, "R15_1", 1155, -1809.66, "T", "SMD", "CC2", "", "R", 31.75, 34.02, 0, 90],
		[99, "R15_2", 1155, -1750.34, "T", "SMD", "GND", "GND", "R", 31.75, 34.02, 0, 90],
		[100, "R16_1", 589.65, -1269.99, "T", "SMD", "$1N4439", "", "R", 31.75, 34.02, 0, 180],
		[101, "R16_2", 530.34, -1269.99, "T", "SMD", "$1N4433", "", "R", 31.75, 34.02, 0, 180],
		[102, "U2_1", 1372.18, -1319.07, "T", "SMD", "$1N466", "", "O", 11.02, 30.91, 0, 0],
		[103, "U2_2", 1391.87, -1319.07, "T", "SMD", "$1N465", "", "O", 11.02, 30.91, 0, 0],
		[104, "U2_3", 1411.55, -1319.07, "T", "SMD", "1V2", "", "O", 11.02, 30.91, 0, 0],
		[105, "U2_4", 1431.24, -1319.07, "T", "SMD", "RD_RX+", "", "O", 11.02, 30.91, 0, 0],
		[106, "U2_5", 1450.92, -1319.07, "T", "SMD", "RD_RX-", "", "O", 11.02, 30.91, 0, 0],
		[107, "U2_6", 1470.61, -1319.07, "T", "SMD", "25CLKIN", "", "O", 11.02, 30.91, 0, 0],
		[108, "U2_7", 1490.29, -1319.07, "T", "SMD", "25CLKOUT", "", "O", 11.02, 30.91, 0, 0],
		[109, "U2_8", 1509.98, -1319.07, "T", "SMD", "VCC", "", "O", 11.02, 30.91, 0, 0],
		[110, "U2_9", 1535.86, -1293.19, "T", "SMD", "$1N442", "", "O", 30.91, 11.02, 0, 0],
		[111, "U2_10", 1535.86, -1273.5, "T", "SMD", "SPI_MISO", "", "O", 30.91, 11.02, 0, 0],
		[112, "U2_11", 1535.86, -1253.82, "T", "SMD", "SPI_MOSI", "", "O", 30.91, 11.02, 0, 0],
		[113, "U2_12", 1535.86, -1234.13, "T", "SMD", "SPI_CK", "", "O", 30.91, 11.02, 0, 0],
		[114, "U2_13", 1535.86, -1214.45, "T", "SMD", "SPI_CS", "", "O", 30.91, 11.02, 0, 0],
		[115, "U2_14", 1535.86, -1194.76, "T", "SMD", "UP_LED", "", "O", 30.91, 11.02, 0, 0],
		[116, "U2_15", 1535.86, -1175.08, "T", "SMD", "+5V", "", "O", 30.91, 11.02, 0, 0],
		[117, "U2_16", 1535.86, -1155.39, "T", "SMD", "VCC", "", "O", 30.91, 11.02, 0, 0],
		[118, "U2_17", 1509.98, -1129.51, "T", "SMD", "1V2", "", "O", 11.02, 30.91, 0, 0],
		[119, "U2_18", 1490.29, -1129.51, "T", "SMD", "UP_DAT1", "", "O", 11.02, 30.91, 0, 0],
		[120, "U2_19", 1470.61, -1129.51, "T", "SMD", "UP_DAT0", "", "O", 11.02, 30.91, 0, 0],
		[121, "U2_20", 1450.92, -1129.51, "T", "SMD", "UP_CLK", "", "O", 11.02, 30.91, 0, 0],
		[122, "U2_21", 1431.24, -1129.51, "T", "SMD", "UP_CMD", "", "O", 11.02, 30.91, 0, 0],
		[123, "U2_22", 1411.55, -1129.51, "T", "SMD", "UP_DAT3", "", "O", 11.02, 30.91, 0, 0],
		[124, "U2_23", 1391.87, -1129.51, "T", "SMD", "UP_DAT2", "", "O", 11.02, 30.91, 0, 0],
		[125, "U2_24", 1372.18, -1129.51, "T", "SMD", "$1N469", "", "O", 11.02, 30.91, 0, 0],
		[126, "U2_25", 1346.3, -1155.39, "T", "SMD", "VCC", "", "O", 30.91, 11.02, 0, 0],
		[127, "U2_26", 1346.3, -1175.08, "T", "SMD", "UP_VCC", "", "O", 30.91, 11.02, 0, 0],
		[128, "U2_27", 1346.3, -1194.76, "T", "SMD", "GND", "GND", "O", 30.91, 11.02, 0, 0],
		[129, "U2_28", 1346.3, -1214.45, "T", "SMD", "GND", "GND", "O", 30.91, 11.02, 0, 0],
		[130, "U2_29", 1346.3, -1234.13, "T", "SMD", "UP_CHO", "", "O", 30.91, 11.02, 0, 0],
		[131, "U2_30", 1346.3, -1253.82, "T", "SMD", "VCC", "", "O", 30.91, 11.02, 0, 0],
		[132, "U2_31", 1346.3, -1273.5, "T", "SMD", "RD_D-", "", "O", 30.91, 11.02, 0, 0],
		[133, "U2_32", 1346.3, -1293.19, "T", "SMD", "RD_D+", "", "O", 30.91, 11.02, 0, 0],
		[134, "U2_33", 1441.08, -1224.29, "T", "SMD", "GND", "GND", "R", 118.11, 118.11, 0, 0],
		[135, "U3_1", 1772.11, -736.16, "T", "SMD", "VCC", "", "R", 11.02, 26.18, 0, 180],
		[136, "U3_2", 1752.42, -736.16, "T", "SMD", "MUX_EN", "", "R", 11.02, 26.18, 0, 180],
		[137, "U3_3", 1732.74, -736.16, "T", "SMD", "U3_3", "", "R", 11.02, 26.18, 0, 180],
		[138, "U3_4", 1713.05, -736.16, "T", "SMD", "U3_4", "", "R", 11.02, 26.18, 0, 180],
		[139, "U3_5", 1693.37, -736.16, "T", "SMD", "TF_DAT1", "", "R", 11.02, 26.18, 0, 180],
		[140, "U3_6", 1673.68, -736.16, "T", "SMD", "TF_DAT0", "", "R", 11.02, 26.18, 0, 180],
		[141, "U3_7", 1654, -736.16, "T", "SMD", "TF_CLK", "", "R", 11.02, 26.18, 0, 180],
		[142, "U3_8", 1634.31, -736.16, "T", "SMD", "TF_CMD", "", "R", 11.02, 26.18, 0, 180],
		[143, "U3_9", 1614.63, -736.16, "T", "SMD", "U3_9", "", "R", 11.02, 26.18, 0, 180],
		[144, "U3_10", 1594.94, -736.16, "T", "SMD", "TF_DAT3", "", "R", 11.02, 26.18, 0, 180],
		[145, "U3_11", 1575.26, -736.16, "T", "SMD", "TF_DAT2", "", "R", 11.02, 26.18, 0, 180],
		[146, "U3_12", 1555.57, -736.16, "T", "SMD", "U3_12", "", "R", 11.02, 26.18, 0, 180],
		[147, "U3_13", 1535.89, -736.16, "T", "SMD", "U3_13", "", "R", 11.02, 26.18, 0, 180],
		[148, "U3_14", 1516.2, -736.16, "T", "SMD", "U3_14", "", "R", 11.02, 26.18, 0, 180],
		[149, "U3_15", 1496.52, -736.16, "T", "SMD", "U3_15", "", "R", 11.02, 26.18, 0, 180],
		[150, "U3_16", 1476.83, -736.16, "T", "SMD", "SEL0", "", "R", 11.02, 26.18, 0, 180],
		[151, "U3_17", 1457.15, -736.16, "T", "SMD", "SEL1", "", "R", 11.02, 26.18, 0, 180],
		[152, "U3_18", 1441.1, -771.88, "T", "SMD", "U3_18", "", "R", 26.18, 11.02, 0, 180],
		[153, "U3_19", 1441.1, -791.57, "T", "SMD", "U3_19", "", "R", 26.18, 11.02, 0, 180],
		[154, "U3_20", 1441.1, -811.26, "T", "SMD", "U3_20", "", "R", 26.18, 11.02, 0, 180],
		[155, "U3_21", 1441.1, -830.94, "T", "SMD", "U3_21", "", "R", 26.18, 11.02, 0, 180],
		[156, "U3_22", 1457.15, -866.67, "T", "SMD", "U3_22", "", "R", 11.02, 26.18, 0, 180],
		[157, "U3_23", 1476.83, -866.67, "T", "SMD", "U3_23", "", "R", 11.02, 26.18, 0, 180],
		[158, "U3_24", 1496.52, -866.67, "T", "SMD", "UP_DAT2", "", "R", 11.02, 26.18, 0, 180],
		[159, "U3_25", 1516.2, -866.67, "T", "SMD", "UP_DAT3", "", "R", 11.02, 26.18, 0, 180],
		[160, "U3_26", 1535.89, -866.67, "T", "SMD", "UP_CMD", "", "R", 11.02, 26.18, 0, 180],
		[161, "U3_27", 1555.57, -866.67, "T", "SMD", "UP_CLK", "", "R", 11.02, 26.18, 0, 180],
		[162, "U3_28", 1575.26, -866.67, "T", "SMD", "UP_DAT0", "", "R", 11.02, 26.18, 0, 180],
		[163, "U3_29", 1594.94, -866.67, "T", "SMD", "UP_DAT1", "", "R", 11.02, 26.18, 0, 180],
		[164, "U3_30", 1614.63, -866.67, "T", "SMD", "U3_30", "", "R", 11.02, 26.18, 0, 180],
		[165, "U3_31", 1634.31, -866.67, "T", "SMD", "U3_31", "", "R", 11.02, 26.18, 0, 180],
		[166, "U3_32", 1654, -866.67, "T", "SMD", "U3_32", "", "R", 11.02, 26.18, 0, 180],
		[167, "U3_33", 1673.68, -866.67, "T", "SMD", "TS_DAT2", "", "R", 11.02, 26.18, 0, 180],
		[168, "U3_34", 1693.37, -866.67, "T", "SMD", "TS_DAT3", "", "R", 11.02, 26.18, 0, 180],
		[169, "U3_35", 1713.05, -866.67, "T", "SMD", "TS_CMD", "", "R", 11.02, 26.18, 0, 180],
		[170, "U3_36", 1732.74, -866.67, "T", "SMD", "TS_CLK", "", "R", 11.02, 26.18, 0, 180],
		[171, "U3_37", 1752.42, -866.67, "T", "SMD", "TS_DAT0", "", "R", 11.02, 26.18, 0, 180],
		[172, "U3_38", 1772.11, -866.67, "T", "SMD", "TS_DAT1", "", "R", 11.02, 26.18, 0, 180],
		[173, "U3_39", 1788.15, -830.94, "T", "SMD", "U3_39", "", "R", 26.18, 11.02, 0, 180],
		[174, "U3_40", 1788.15, -811.26, "T", "SMD", "U3_40", "", "R", 26.18, 11.02, 0, 180],
		[175, "U3_41", 1788.15, -791.57, "T", "SMD", "U3_41", "", "R", 26.18, 11.02, 0, 180],
		[176, "U3_42", 1788.15, -771.88, "T", "SMD", "U3_42", "", "R", 26.18, 11.02, 0, 180],
		[177, "U3_43", 1614.63, -801.41, "T", "SMD", "GND", "GND", "R", 297.24, 80.71, 0, 180],
		[178, "U5_1", 1600, -1999.16, "T", "SMD", "SPI_CS", "", "O", 23.15, 80.51, 0, 0],
		[179, "U5_2", 1650, -1999.16, "T", "SMD", "SPI_MISO", "", "O", 23.15, 80.51, 0, 0],
		[180, "U5_3", 1700, -1999.16, "T", "SMD", "$1N2254", "", "O", 23.15, 80.51, 0, 0],
		[181, "U5_4", 1750, -1999.16, "T", "SMD", "GND", "GND", "O", 23.15, 80.51, 0, 0],
		[182, "U5_5", 1750, -1780.86, "T", "SMD", "SPI_MOSI", "", "O", 23.15, 80.51, 0, 0],
		[183, "U5_6", 1700, -1780.86, "T", "SMD", "SPI_CK", "", "O", 23.15, 80.51, 0, 0],
		[184, "U5_7", 1650, -1780.86, "T", "SMD", "$1N2251", "", "O", 23.15, 80.51, 0, 0],
		[185, "U5_8", 1600, -1780.86, "T", "SMD", "VCC", "", "O", 23.15, 80.51, 0, 0],
		[186, "U9_1", 2327.04, -1081.58, "B", "SMD", "TS_DAT2", "", "R", 31.5, 114.17, 0, 270],
		[187, "U9_2", 2327.07, -1038.28, "B", "SMD", "TS_DAT3", "", "R", 31.5, 114.17, 0, 270],
		[188, "U9_3", 2332.93, -994.95, "B", "SMD", "TS_CMD", "", "R", 31.5, 125.98, 0, 270],
		[189, "U9_4", 2327.04, -951.69, "B", "SMD", "TF_VCC", "", "R", 31.5, 114.17, 0, 270],
		[190, "U9_5", 2332.97, -908.31, "B", "SMD", "TS_CLK", "", "R", 31.5, 125.98, 0, 270],
		[191, "U9_6", 2327.06, -865.02, "B", "SMD", "GND", "GND", "R", 31.5, 114.17, 0, 270],
		[192, "U9_7", 2327.06, -821.71, "B", "SMD", "TS_DAT0", "", "R", 31.5, 114.17, 0, 270],
		[193, "U9_8", 2327.06, -778.41, "B", "SMD", "TS_DAT1", "", "R", 31.5, 114.17, 0, 270],
		[194, "U10_1", 369.45, -1886.93, "T", "SMD", "GND", "GND", "R", 98.42, 43.31, 0, 270],
		[195, "U10_2", 460, -1886.93, "T", "SMD", "VCC", "", "R", 98.42, 43.31, 0, 270],
		[196, "U10_3", 550.55, -1886.93, "T", "SMD", "+5V", "", "R", 98.42, 43.31, 0, 270],
		[197, "U10_4", 460, -1653.07, "T", "SMD", "VCC", "", "R", 92.13, 141.73, 0, 270],
		[198, "U13_1", 1069.53, -1209.59, "T", "SMD", "U13_1", "", "R", 11.02, 26.18, 0, 180],
		[199, "U13_2", 1049.84, -1209.59, "T", "SMD", "$1N4322", "", "R", 11.02, 26.18, 0, 180],
		[200, "U13_3", 1030.16, -1209.59, "T", "SMD", "U13_3", "", "R", 11.02, 26.18, 0, 180],
		[201, "U13_4", 1010.47, -1209.59, "T", "SMD", "U13_4", "", "R", 11.02, 26.18, 0, 180],
		[202, "U13_5", 984.59, -1235.47, "T", "SMD", "SER_D-", "", "R", 26.18, 11.02, 0, 180],
		[203, "U13_6", 984.59, -1255.16, "T", "SMD", "SER_D+", "", "R", 26.18, 11.02, 0, 180],
		[204, "U13_7", 984.59, -1274.84, "T", "SMD", "RD_D-", "", "R", 26.18, 11.02, 0, 180],
		[205, "U13_8", 984.59, -1294.53, "T", "SMD", "RD_D+", "", "R", 26.18, 11.02, 0, 180],
		[206, "U13_9", 1010.47, -1320.41, "T", "SMD", "HS_D-", "", "R", 11.02, 26.18, 0, 180],
		[207, "U13_10", 1030.16, -1320.41, "T", "SMD", "HS_D+", "", "R", 11.02, 26.18, 0, 180],
		[208, "U13_11", 1049.84, -1320.41, "T", "SMD", "UP_D-", "", "R", 11.02, 26.18, 0, 180],
		[209, "U13_12", 1069.53, -1320.41, "T", "SMD", "UP_D+", "", "R", 11.02, 26.18, 0, 180],
		[210, "U13_13", 1095.41, -1294.53, "T", "SMD", "U13_13", "", "R", 26.18, 11.02, 0, 180],
		[211, "U13_14", 1095.41, -1274.84, "T", "SMD", "$1N4439", "", "R", 26.18, 11.02, 0, 180],
		[212, "U13_15", 1095.41, -1255.16, "T", "SMD", "VCC", "", "R", 26.18, 11.02, 0, 180],
		[213, "U13_16", 1095.41, -1235.47, "T", "SMD", "VCC", "", "R", 26.18, 11.02, 0, 180],
		[214, "U13_17", 1040, -1265, "T", "SMD", "GND", "GND", "R", 68.9, 68.9, 0, 180],
		[215, "U14_1", 730.04, -586.34, "T", "SMD", "U14_1", "", "O", 11.02, 35.43, 0, 270],
		[216, "U14_2", 730.04, -566.64, "T", "SMD", "U14_2", "", "O", 11.02, 35.43, 0, 270],
		[217, "U14_3", 730.04, -546.94, "T", "SMD", "GND", "GND", "O", 11.02, 35.43, 0, 270],
		[218, "U14_4", 730.04, -527.24, "T", "SMD", "SER_D+", "", "O", 11.02, 35.43, 0, 270],
		[219, "U14_5", 730.04, -507.54, "T", "SMD", "SER_D-", "", "O", 11.02, 35.43, 0, 270],
		[220, "U14_6", 730.04, -487.84, "T", "SMD", "VCC", "", "O", 11.02, 35.43, 0, 270],
		[221, "U14_7", 730.04, -468.14, "T", "SMD", "VCC", "", "O", 11.02, 35.43, 0, 270],
		[222, "U14_8", 690.72, -428.81, "T", "SMD", "+5V", "", "O", 11.02, 35.43, 0, 180],
		[223, "U14_9", 671.02, -428.81, "T", "SMD", "$1N5721", "", "O", 11.02, 35.43, 0, 180],
		[224, "U14_10", 651.32, -428.81, "T", "SMD", "U14_10", "", "O", 11.02, 35.43, 0, 180],
		[225, "U14_11", 631.62, -428.81, "T", "SMD", "$1N5720", "", "O", 11.02, 35.43, 0, 180],
		[226, "U14_12", 611.92, -428.81, "T", "SMD", "U14_12", "", "O", 11.02, 35.43, 0, 180],
		[227, "U14_13", 592.22, -428.81, "T", "SMD", "U14_13", "", "O", 11.02, 35.43, 0, 180],
		[228, "U14_14", 572.52, -428.81, "T", "SMD", "U14_14", "", "O", 11.02, 35.43, 0, 180],
		[229, "U14_15", 533.19, -468.14, "T", "SMD", "U14_15", "", "O", 11.02, 35.43, 0, 270],
		[230, "U14_16", 533.19, -487.84, "T", "SMD", "U14_16", "", "O", 11.02, 35.43, 0, 270],
		[231, "U14_17", 533.19, -507.54, "T", "SMD", "U14_17", "", "O", 11.02, 35.43, 0, 270],
		[232, "U14_18", 533.19, -527.24, "T", "SMD", "U14_18", "", "O", 11.02, 35.43, 0, 270],
		[233, "U14_19", 533.19, -546.94, "T", "SMD", "U14_19", "", "O", 11.02, 35.43, 0, 270],
		[234, "U14_20", 533.19, -566.64, "T", "SMD", "U14_20", "", "O", 11.02, 35.43, 0, 270],
		[235, "U14_21", 533.19, -586.34, "T", "SMD", "U14_21", "", "O", 11.02, 35.43, 0, 270],
		[236, "U14_22", 572.52, -625.66, "T", "SMD", "U14_22", "", "O", 11.02, 35.43, 0, 180],
		[237, "U14_23", 592.22, -625.66, "T", "SMD", "U14_23", "", "O", 11.02, 35.43, 0, 180],
		[238, "U14_24", 611.92, -625.66, "T", "SMD", "U14_24", "", "O", 11.02, 35.43, 0, 180],
		[239, "U14_25", 631.62, -625.66, "T", "SMD", "TS_RXD", "", "O", 11.02, 35.43, 0, 180],
		[240, "U14_26", 651.32, -625.66, "T", "SMD", "TS_TXD", "", "O", 11.02, 35.43, 0, 180],
		[241, "U14_27", 671.02, -625.66, "T", "SMD", "U14_27", "", "O", 11.02, 35.43, 0, 180],
		[242, "U14_28", 690.72, -625.66, "T", "SMD", "U14_28", "", "O", 11.02, 35.43, 0, 180],
		[243, "U14_29", 631.62, -527.24, "T", "SMD", "GND", "GND", "R", 125.98, 125.98, 0, 180],
		[244, "U16_1", 172.68, -751.73, "T", "SMD", "VCC", "", "O", 10.63, 59.05, 0, 270],
		[245, "U16_2", 172.68, -771.42, "T", "SMD", "U16_2", "", "O", 10.63, 59.05, 0, 270],
		[246, "U16_3", 172.68, -791.1, "T", "SMD", "U16_3", "", "O", 10.63, 59.05, 0, 270],
		[247, "U16_4", 172.68, -810.79, "T", "SMD", "U16_4", "", "O", 10.63, 59.05, 0, 270],
		[248, "U16_5", 172.68, -830.47, "T", "SMD", "$1N8742", "", "O", 10.63, 59.05, 0, 270],
		[249, "U16_6", 172.68, -850.16, "T", "SMD", "$1N8737", "", "O", 10.63, 59.05, 0, 270],
		[250, "U16_7", 172.68, -869.84, "T", "SMD", "U16_7", "", "O", 10.63, 59.05, 0, 270],
		[251, "U16_8", 172.68, -889.53, "T", "SMD", "GND", "GND", "O", 10.63, 59.05, 0, 270],
		[252, "U16_9", 172.68, -909.21, "T", "SMD", "VCC", "", "O", 10.63, 59.05, 0, 270],
		[253, "U16_10", 172.68, -928.9, "T", "SMD", "U16_10", "", "O", 10.63, 59.05, 0, 270],
		[254, "U16_11", 172.68, -948.58, "T", "SMD", "U16_11", "", "O", 10.63, 59.05, 0, 270],
		[255, "U16_12", 172.68, -968.27, "T", "SMD", "U16_12", "", "O", 10.63, 59.05, 0, 270],
		[256, "U16_13", 231.73, -1027.32, "T", "SMD", "$1N8718", "", "O", 59.05, 10.63, 0, 270],
		[257, "U16_14", 251.42, -1027.32, "T", "SMD", "$1N8716", "", "O", 59.05, 10.63, 0, 270],
		[258, "U16_15", 271.1, -1027.32, "T", "SMD", "$1N8714", "", "O", 59.05, 10.63, 0, 270],
		[259, "U16_16", 290.79, -1027.32, "T", "SMD", "U16_16", "", "O", 59.05, 10.63, 0, 270],
		[260, "U16_17", 310.47, -1027.32, "T", "SMD", "U16_17", "", "O", 59.05, 10.63, 0, 270],
		[261, "U16_18", 330.16, -1027.32, "T", "SMD", "U16_18", "", "O", 59.05, 10.63, 0, 270],
		[262, "U16_19", 349.84, -1027.32, "T", "SMD", "U16_19", "", "O", 59.05, 10.63, 0, 270],
		[263, "U16_20", 369.53, -1027.32, "T", "SMD", "U16_20", "", "O", 59.05, 10.63, 0, 270],
		[264, "U16_21", 389.21, -1027.32, "T", "SMD", "U16_21", "", "O", 59.05, 10.63, 0, 270],
		[265, "U16_22", 408.9, -1027.32, "T", "SMD", "UP_CHO", "", "O", 59.05, 10.63, 0, 270],
		[266, "U16_23", 428.58, -1027.32, "T", "SMD", "VCC", "", "O", 59.05, 10.63, 0, 270],
		[267, "U16_24", 448.27, -1027.32, "T", "SMD", "GND", "GND", "O", 59.05, 10.63, 0, 270],
		[268, "U16_25", 507.32, -968.27, "T", "SMD", "SEL1", "", "O", 10.63, 59.05, 0, 270],
		[269, "U16_26", 507.32, -948.58, "T", "SMD", "SEL0", "", "O", 10.63, 59.05, 0, 270],
		[270, "U16_27", 507.32, -928.9, "T", "SMD", "MUX_EN", "", "O", 10.63, 59.05, 0, 270],
		[271, "U16_28", 507.32, -909.21, "T", "SMD", "U16_28", "", "O", 10.63, 59.05, 0, 270],
		[272, "U16_29", 507.32, -889.53, "T", "SMD", "U16_29", "", "O", 10.63, 59.05, 0, 270],
		[273, "U16_30", 507.32, -869.84, "T", "SMD", "DBG_TX", "", "O", 10.63, 59.05, 0, 270],
		[274, "U16_31", 507.32, -850.16, "T", "SMD", "DBG_RX", "", "O", 10.63, 59.05, 0, 270],
		[275, "U16_32", 507.32, -830.47, "T", "SMD", "HS_D-", "", "O", 10.63, 59.05, 0, 270],
		[276, "U16_33", 507.32, -810.79, "T", "SMD", "HS_D+", "", "O", 10.63, 59.05, 0, 270],
		[277, "U16_34", 507.32, -791.1, "T", "SMD", "SWDIO", "", "O", 10.63, 59.05, 0, 270],
		[278, "U16_35", 507.32, -771.42, "T", "SMD", "GND", "GND", "O", 10.63, 59.05, 0, 270],
		[279, "U16_36", 507.32, -751.73, "T", "SMD", "VCC", "", "O", 10.63, 59.05, 0, 270],
		[280, "U16_37", 448.27, -692.68, "T", "SMD", "SWCLK", "", "O", 59.05, 10.63, 0, 270],
		[281, "U16_38", 428.58, -692.68, "T", "SMD", "U16_38", "", "O", 59.05, 10.63, 0, 270],
		[282, "U16_39", 408.9, -692.68, "T", "SMD", "U16_39", "", "O", 59.05, 10.63, 0, 270],
		[283, "U16_40", 389.21, -692.68, "T", "SMD", "U16_40", "", "O", 59.05, 10.63, 0, 270],
		[284, "U16_41", 369.53, -692.68, "T", "SMD", "U16_41", "", "O", 59.05, 10.63, 0, 270],
		[285, "U16_42", 349.84, -692.68, "T", "SMD", "U16_42", "", "O", 59.05, 10.63, 0, 270],
		[286, "U16_43", 330.16, -692.68, "T", "SMD", "U16_43", "", "O", 59.05, 10.63, 0, 270],
		[287, "U16_44", 310.47, -692.68, "T", "SMD", "BOOT0", "", "O", 59.05, 10.63, 0, 270],
		[288, "U16_45", 290.79, -692.68, "T", "SMD", "U16_45", "", "O", 59.05, 10.63, 0, 270],
		[289, "U16_46", 271.1, -692.68, "T", "SMD", "U16_46", "", "O", 59.05, 10.63, 0, 270],
		[290, "U16_47", 251.42, -692.68, "T", "SMD", "GND", "GND", "O", 59.05, 10.63, 0, 270],
		[291, "U16_48", 231.73, -692.68, "T", "SMD", "VCC", "", "O", 59.05, 10.63, 0, 270],
		[292, "USB1_25", 1157.6, -2006.48, "T", "DIP", "GND", "GND", "O", 39.37, 62.99, 47.24, 0],
		[293, "USB1_25", 1157.6, -2006.48, "B", "DIP", "GND", "GND", "O", 39.37, 62.99, 47.24, 0],
		[294, "USB1_25", 832.41, -2006.48, "T", "DIP", "GND", "GND", "O", 39.37, 62.99, 47.24, 0],
		[295, "USB1_25", 832.41, -2006.48, "B", "DIP", "GND", "GND", "O", 39.37, 62.99, 47.24, 0],
		[296, "USB1_25", 1171.78, -2179.32, "T", "DIP", "GND", "GND", "O", 39.37, 62.99, 47.24, 0],
		[297, "USB1_25", 1171.78, -2179.32, "B", "DIP", "GND", "GND", "O", 39.37, 62.99, 47.24, 0],
		[298, "USB1_25", 818.23, -2179.32, "T", "DIP", "GND", "GND", "O", 39.37, 62.99, 47.24, 0],
		[299, "USB1_25", 818.23, -2179.32, "B", "DIP", "GND", "GND", "O", 39.37, 62.99, 47.24, 0],
		[300, "USB1_A1", 885.16, -1930.69, "T", "SMD", "GND", "GND", "R", 10.83, 49.21, 0, 0],
		[301, "USB1_A10", 1063.9, -1930.69, "T", "SMD", "UP_RX2-", "", "R", 10.83, 49.21, 0, 0],
		[302, "USB1_A11", 1083.59, -1930.69, "T", "SMD", "UP_RX2+", "", "R", 10.83, 49.21, 0, 0],
		[303, "USB1_A12", 1103.27, -1930.69, "T", "SMD", "GND", "GND", "R", 10.83, 49.21, 0, 0],
		[304, "USB1_A2", 906.42, -1930.69, "T", "SMD", "RD_TX+", "", "R", 10.83, 49.21, 0, 0],
		[305, "USB1_A3", 926.11, -1930.69, "T", "SMD", "RD_TX-", "", "R", 10.83, 49.21, 0, 0],
		[306, "USB1_A4", 945.79, -1930.69, "T", "SMD", "+5V", "", "R", 10.83, 49.21, 0, 0],
		[307, "USB1_A5", 965.48, -1930.69, "T", "SMD", "CC1", "", "R", 10.83, 49.21, 0, 0],
		[308, "USB1_A6", 985.16, -1930.69, "T", "SMD", "UP_D+", "", "R", 10.83, 49.21, 0, 0],
		[309, "USB1_A7", 1004.85, -1930.69, "T", "SMD", "UP_D-", "", "R", 10.83, 49.21, 0, 0],
		[310, "USB1_A8", 1024.53, -1930.69, "T", "SMD", "USB1_A8", "", "R", 10.83, 49.21, 0, 0],
		[311, "USB1_A9", 1044.22, -1930.69, "T", "SMD", "+5V", "", "R", 10.83, 49.21, 0, 0],
		[312, "USB1_B1", 1105.24, -1982.86, "T", "DIP", "GND", "GND", "C", 23.62, 23.62, 15.75, 0],
		[313, "USB1_B1", 1105.24, -1982.86, "B", "DIP", "GND", "GND", "C", 23.62, 23.62, 15.75, 0],
		[314, "USB1_B10", 932.02, -2010.42, "T", "DIP", "RD_RX-", "", "C", 23.62, 23.62, 15.75, 0],
		[315, "USB1_B10", 932.02, -2010.42, "B", "DIP", "RD_RX-", "", "C", 23.62, 23.62, 15.75, 0],
		[316, "USB1_B11", 900.52, -2010.42, "T", "DIP", "RD_RX+", "", "C", 23.62, 23.62, 15.75, 0],
		[317, "USB1_B11", 900.52, -2010.42, "B", "DIP", "RD_RX+", "", "C", 23.62, 23.62, 15.75, 0],
		[318, "USB1_B12", 884.77, -1982.86, "T", "DIP", "GND", "GND", "C", 23.62, 23.62, 15.75, 0],
		[319, "USB1_B12", 884.77, -1982.86, "B", "DIP", "GND", "GND", "C", 23.62, 23.62, 15.75, 0],
		[320, "USB1_B2", 1089.5, -2010.42, "T", "DIP", "UP_TX2+", "", "C", 23.62, 23.62, 15.75, 0],
		[321, "USB1_B2", 1089.5, -2010.42, "B", "DIP", "UP_TX2+", "", "C", 23.62, 23.62, 15.75, 0],
		[322, "USB1_B3", 1058.01, -2010.42, "T", "DIP", "UP_TX2-", "", "C", 23.62, 23.62, 15.75, 0],
		[323, "USB1_B3", 1058.01, -2010.42, "B", "DIP", "UP_TX2-", "", "C", 23.62, 23.62, 15.75, 0],
		[324, "USB1_B4", 1042.25, -1982.86, "T", "DIP", "+5V", "", "C", 23.62, 23.62, 15.75, 0],
		[325, "USB1_B4", 1042.25, -1982.86, "B", "DIP", "+5V", "", "C", 23.62, 23.62, 15.75, 0],
		[326, "USB1_B5", 1026.51, -2010.42, "T", "DIP", "CC2", "", "C", 23.62, 23.62, 15.75, 0],
		[327, "USB1_B5", 1026.51, -2010.42, "B", "DIP", "CC2", "", "C", 23.62, 23.62, 15.75, 0],
		[328, "USB1_B6", 1010.76, -1982.86, "T", "DIP", "UP_D+", "", "C", 23.62, 23.62, 15.75, 0],
		[329, "USB1_B6", 1010.76, -1982.86, "B", "DIP", "UP_D+", "", "C", 23.62, 23.62, 15.75, 0],
		[330, "USB1_B7", 979.26, -1982.86, "T", "DIP", "UP_D-", "", "C", 23.62, 23.62, 15.75, 0],
		[331, "USB1_B7", 979.26, -1982.86, "B", "DIP", "UP_D-", "", "C", 23.62, 23.62, 15.75, 0],
		[332, "USB1_B8", 963.51, -2010.42, "T", "DIP", "USB1_B8", "", "C", 23.62, 23.62, 15.75, 0],
		[333, "USB1_B8", 963.51, -2010.42, "B", "DIP", "USB1_B8", "", "C", 23.62, 23.62, 15.75, 0],
		[334, "USB1_B9", 947.77, -1982.86, "T", "DIP", "+5V", "", "C", 23.62, 23.62, 15.75, 0],
		[335, "USB1_B9", 947.77, -1982.86, "B", "DIP", "+5V", "", "C", 23.62, 23.62, 15.75, 0],
		[336, "X4_1", 1506.54, -1446.69, "T", "SMD", "25CLKIN", "", "R", 55.12, 47.24, 0, 270],
		[337, "X4_2", 1506.54, -1533.31, "T", "SMD", "GND", "GND", "R", 55.12, 47.24, 0, 270],
		[338, "X4_3", 1573.47, -1533.31, "T", "SMD", "25CLKOUT", "", "R", 55.12, 47.24, 0, 270],
		[339, "X4_4", 1573.47, -1446.69, "T", "SMD", "GND", "GND", "R", 55.12, 47.24, 0, 270],
		[340, "X6_1", 138.46, -663.31, "T", "SMD", "$1N8742", "", "R", 55.12, 47.24, 0, 90],
		[341, "X6_2", 138.47, -576.69, "T", "SMD", "X6_2", "", "R", 55.12, 47.24, 0, 90],
		[342, "X6_3", 71.54, -576.69, "T", "SMD", "$1N8737", "", "R", 55.12, 47.24, 0, 90],
		[343, "X6_4", 71.53, -663.31, "T", "SMD", "X6_4", "", "R", 55.12, 47.24, 0, 90],
		[344, "X8_1", 1195.43, -1116.38, "T", "SMD", "X8_1", "", "R", 31.5, 39.37, 0, 270],
		[345, "X8_2", 1124.57, -1116.38, "T", "SMD", "GND", "GND", "R", 31.5, 39.37, 0, 270],
		[346, "X8_3", 1124.57, -1163.62, "T", "SMD", "$1N4322", "", "R", 31.5, 39.37, 0, 270],
		[347, "X8_4", 1195.43, -1163.62, "T", "SMD", "VCC", "", "R", 31.5, 39.37, 0, 270]
	]
}
}